sample,site,Longitude,Latitude,bathymetry,TPI,Slope,Aspect,TRI,Roughness,FlowDir,mean.relief,sd.relief,reef,sand,distance.to.ramp,status,target.fish
1.01,1,113.5404917,-22.84786205,-91.23968506,0.014305111,0.001047349,2.105669022,0.022571564,0.073387146,2,0.421052632,0.507257274,0,100,41.3334074,F,0
1.02,1,113.5252875,-22.85016136,-94.34012604,0.000371443,0.002775963,4.05717659,0.063574791,0.221069336,16,0.88,0.331662479,0,100,42.01829975,F,2
1.03,1,113.51304,-22.84437,-99.84898376,0.003566432,0.005072603,3.730381489,0.167676926,0.470031738,1,1,0,0,100,43.28095289,F,5
1.04,1,113.5183981,-22.8402743,-97.16971588,-0.002398027,0.008381449,3.449880123,0.217530251,0.750022888,16,0.44,0.506622805,0,100,43.32185222,F,4
1.05,1,113.51601,-22.83417,-96.72718811,0.025080988,0.007291256,4.303916931,0.449636459,0.739852905,4,1,0,0,100,44.01511965,F,5
1.06,1,113.523387,-22.83153691,-94.58437347,-0.024822693,0.008908522,3.800894022,0.249538422,0.906295776,16,0.44,0.506622805,0,100,43.81949302,F,4
2.02,2,113.5625852,-22.83153691,-81.72470856,-0.024757104,0.009197859,4.592106342,0.173381805,0.575553894,8,0.904761905,0.300792604,0,100,41.66879152,F,0
2.03,2,113.5659111,-22.82900766,-78.18709564,-0.00796726,0.00992126,4.318522453,0.201604843,0.780632019,8,1,0,0,100,41.74338477,F,0
2.04,2,113.5815904,-22.82440903,-72.89225006,-0.017070796,0.002175382,4.382908344,0.102385521,0.21421814,32,0.769230769,0.429668924,0,100,41.43003761,F,0
2.05,2,113.5770767,-22.82256957,-72.88749695,0.029664058,0.006194764,4.365426064,0.121966362,0.457420349,8,1,0,0,100,41.82450466,F,1
2.06,2,113.5716127,-22.82164985,-75.17484283,-0.001621521,0.001612254,3.989503622,0.031967163,0.129676819,8,0.961538462,0.196116135,0,100,42.17720145,F,0
2.07,2,113.5640106,-22.8191206,-75.03862762,-0.00796726,0.008649259,0.685713351,0.201086998,0.654525757,64,1.153846154,0.784464541,0,100,42.79704389,F,3
3.01,3,113.5207738,-22.81314238,-96.48084259,0.02707055,0.00672114,4.90820837,0.357853889,0.809776306,4,1,0,0,100,45.66316484,F,1
3.02,3,113.5262378,-22.81015327,-91.55252838,0.081071824,0.031603228,4.952055454,0.61186409,1.862854004,16,1,0,0,100,45.63643424,F,1
3.03,3,113.5338398,-22.80693423,-83.04762268,0.000844992,0.01422299,5.023746967,0.281498909,0.838180542,16,0.884615385,0.431455497,0,100,45.5256201,F,2
3.04,3,113.51938,-22.80608,-98.11288452,0.018197026,0.004171969,4.38083601,0.127132416,0.370956421,16,0.95,0.510417786,0,100,46.39771303,F,2
3.05,3,113.51626,-22.80532471,-100.1652527,0.007024281,0.007901224,5.190602303,0.161302567,0.503257751,16,1.272727273,0.827032456,13.64,86.36,46.642927,F,7
3.06,3,113.5105585,-22.80463491,-106.4493408,0.044133034,0.021574741,4.134244442,0.461901665,1.195625305,8,0.347826087,0.831684799,0,100,47.02999644,F,1
4.01,4,113.49708,-22.80504,-124.9939575,0.009197502,0.008869363,5.179804325,0.186003685,0.580154419,32,2.277777778,1.363626461,50,50,47.7764631,F,5
4.02,4,113.51077,-22.79001,-111.8590698,-0.011061213,0.011386448,4.964842796,0.230007172,0.7395401,32,1.807692308,1.166849802,34.62,65.38,48.37602349,F,4
4.03,4,113.5005807,-22.78991929,-126.6524658,0.005806473,0.017735185,4.98507452,0.347391129,1.093544006,16,2.590909091,1.501081861,40.91,59.09,48.95738617,F,2
4.08,4,113.4984427,-22.78601045,-132.6751099,0.005412409,0.018514965,5.01205349,0.371124268,1.069122314,16,2.173913043,1.029217439,47.83,52.17,49.44021012,F,5
4.11,4,113.496067,-22.78371114,-139.2176819,0.008295044,0.022821253,5.029681206,0.448011398,1.443405151,16,2.391304348,0.940943938,47.83,52.17,49.78788076,F,3
4.12,4,113.4877522,-22.78578052,-161.6857147,-0.047766481,0.034299556,4.916987419,0.716157913,2.283325195,16,1.5,1.104536102,30.77,69.23,50.07755881,F,1
5.02,5,113.54762,-22.78253,-73.22128296,-0.005569199,0.002036999,4.82171011,0.092906952,0.248390198,16,1,0,0,100,47.16986034,NT,2
5.03,5,113.56188,-22.78303,-72.41085815,-0.009883516,0.002306125,3.169650793,0.063800812,0.147247314,4,1,0,0,100,46.44339266,NT,0
5.07,5,113.57245,-22.7727833,-72.10884857,-0.008094728,0.002491105,3.514492273,0.05126667,0.1873703,4,1,0,0,100,46.9936556,NT,0
5.08,5,113.5716127,-22.76807579,-71.37051392,0.000325757,0.001396615,3.28338933,0.030776024,0.078659058,4,0.92,0.276887462,0,100,47.50411922,NT,2
5.11,5,113.5723254,-22.76278737,-70.73661041,0.000848686,0.001309311,3.381844044,0.039398193,0.102409363,8,1,0,0,100,48.00760602,NT,0
5.13,5,113.58319,-22.76082,-69.2760849,0.003356696,0.000873601,4.247647762,0.026162148,0.083084106,8,1,0,0,100,47.75774611,NT,0
6.01,6,113.53596,-22.77091,-87.02828217,-0.037366115,0.019030591,5.048174858,0.371758461,1.082443237,16,0.142857143,0.358568583,0,100,48.87571374,NT,7
6.02,6,113.55367,-22.75818,-72.21517181,0.027599683,0.012137246,5.984827995,0.236268997,0.742500305,64,0.96,0.2,0,100,49.28955454,NT,1
6.03,6,113.54189,-22.75754,-83.14222717,0.000699644,0.027484749,5.240298748,0.54583168,1.642707825,32,2.533333333,1.431982791,50,50,49.89843997,NT,3
6.04,6,113.5402541,-22.75175065,-89.45510101,-0.015982682,0.011150527,4.961586475,0.222273827,0.734268188,32,0.48,0.509901951,0,100,50.54678269,NT,2
6.05,6,113.5412044,-22.7411738,-90.92992401,0.055830061,0.012387541,4.84320116,0.235700607,0.747467041,32,0.76,0.435889894,0,100,51.55036048,NT,2
6.12,6,113.541917,-22.73059695,-95.15373993,-0.007123895,0.019472154,4.49567461,0.384654999,1.276184082,16,1,0,0,100,52.57188833,NT,5
7.01,7,113.5509445,-22.73427585,-79.79212952,0.092657864,0.015101407,5.234203339,0.3285923,1.146362305,32,1,0,0,100,51.80347973,NT,5
7.02,7,113.5533202,-22.7317466,-78.84509277,-0.023341466,0.00404349,5.166725159,0.0959692,0.343200684,16,1,0,0,100,51.95500557,NT,1
7.03,7,113.5554582,-22.72507859,-77.53735352,0.004049577,0.01038647,5.219932079,0.247848511,0.688362122,32,1,0,0,100,52.53762807,NT,9
7.04,7,113.5630603,-22.72760784,-70.3975296,-0.007190975,0.003842307,5.322223663,0.079574585,0.272659302,32,1,0,3.85,96.15,51.96415614,NT,4
7.05,7,113.5732756,-22.72875749,-67.77716827,-0.017988535,0.005962466,2.977003574,0.123558998,0.396377563,4,1,0,13.04,86.96,51.43505193,NT,0
7.08,7,113.5756513,-22.73059695,-67.58417511,-0.002994445,0.003004333,4.321118832,0.061403275,0.1977005,16,0.95,0.223606798,0,100,51.15286355,NT,0
8.01,8,113.5497567,-22.71266228,-89.07994843,0.063997298,0.01739599,4.754557133,0.532487869,1.269737244,16,1.074074074,0.549540082,11.11,88.89,54.03558608,NT,4
8.02,8,113.5559334,-22.70277523,-80.2089386,0.280671954,0.01822523,1.95766151,0.923624039,1.766220093,1,3.892857143,1.342724861,78.57,21.43,54.78657433,NT,4
8.05,8,113.57994,-22.7017,-64.92251587,NA,0.006335189,3.239687443,0.162524223,0.582641602,4,0.952380952,0.21821789,0,100,53.97640574,NT,8
8.06,8,113.58157,-22.69621,-63.82362366,-0.005367894,0.006586452,4.791672707,0.127264023,0.361862183,16,1.045454545,0.213200716,4.55,95.45,54.48894578,NT,8
8.07,8,113.57783,-22.69542,-65.54180145,0.053629816,0.006092034,3.946119547,0.157930374,0.386367798,4,1,0,0,100,54.70562677,NT,9
8.12,8,113.547381,-22.69932625,-99.5442276,-0.000509376,0.019153452,5.316059589,0.382938385,1.224098206,16,1.6,1.08012345,28,72,55.48798439,NT,8
9.01,9,113.5359779,-22.70139564,-117.5739899,-0.007870233,0.016334495,5.04556942,0.317340851,1.007080078,16,2.16,0.943398113,52,48,55.7627317,NT,9
9.02,9,113.5214865,-22.7025453,-162.6547241,0.011067392,0.048178557,5.126849651,0.939939499,3.154449463,32,1.619047619,0.74001287,33.33,66.67,56.29347605,NT,2
9.05,9,113.5248124,-22.69150858,-173.8242645,-0.018951567,0.046531655,5.137383461,0.911237717,3.201766968,32,1.04,0.2,4,96,57.24558459,NT,0
9.06,9,113.5319393,-22.6931181,-136.0333557,-0.00541333,0.038205452,5.015215397,0.745767593,2.303527832,16,2.217391304,0.795242772,47.83,52.17,56.77131242,NT,9
9.07,9,113.5255251,-22.71082283,-132.8708344,0.004152047,0.029874979,5.044203758,0.562252045,1.740905762,16,2.8,0.763762616,60,40,55.28559406,NT,4
9.08,9,113.5136468,-22.71220242,-178.3838654,0.008114242,0.043220885,5.088785648,0.852685928,2.906799316,32,0.708333333,0.550032937,20.84,79.17,55.70403337,NT,1
10.01,10,113.5564085,-22.67587323,-97.5858078,0.032625437,0.018138483,4.904821396,0.356557846,1.075706482,16,3.352941176,1.574076987,64.7,35.29,57.5281194,NT,6
10.02,10,113.5564085,-22.67334399,-99.33257294,0.022173895,0.017327879,5.143274784,0.357643127,1.24773407,32,2.25,1.047269876,40.62,59.38,57.78884231,NT,8
10.03,10,113.5628228,-22.66874535,-90.81806946,0.053461701,0.011954342,1.846186519,0.311972618,0.889518738,4,3.233333333,1.633345062,73.33,26.67,58.0235536,NT,8
10.04,10,113.5518948,-22.6669059,-114.8364182,0.04690719,0.036385719,4.933448315,0.737371445,2.314277649,32,3.24,1.164760347,44,56,58.62538531,NT,13
10.07,10,113.5400165,-22.67311405,-143.1601715,-0.007007506,0.058115575,5.080428123,1.119943619,3.746002197,16,3,1.023532631,50.01,50,58.4591585,NT,2
10.08,10,113.5383536,-22.67035488,-160.9630737,-0.032599129,0.041205708,5.098503113,0.813928604,2.675613403,16,1.5,0.511766316,18.19,81.82,58.80825739,NT,0
10.09,10,113.55942,-22.62918,-161.0603943,NA,0.058279335,5.038750172,1.13583374,3.617263794,16,0.904761905,0.43643578,9.52,90.48,62.26393999,F,0
10.11,10,113.5636,-22.61773,-165.1593475,0.004594468,0.053748574,5.096605778,1.071722031,3.451416016,32,1.157894737,0.374634325,0,100,63.31947836,F,2
10.12,10,113.57775,-22.59615,NA,NA,NA,NA,NA,NA,NA,1.7,0.864504726,15,85,65.14344583,F,1
10.13,10,113.579,-22.638,-82.12362671,0.027952787,0.021543799,1.71942246,0.420248985,1.183036804,1,2.514285714,0.853071563,57.15,42.86,60.67790654,NT,7
10.14,10,113.5916667,-22.624,-74.93134308,0.024392223,0.053900737,0.098058902,1.051632881,2.842002869,64,1.192307692,0.491465626,26.92,73.08,61.76597509,NT,10
10.15,10,113.594,-22.6058333,-88.7407074,0.11876332,0.045419369,5.05810976,0.899385452,2.801315308,32,2.192307692,1.05902713,53.84,46.15,63.63351604,NT,3
11.01,11,113.6215013,-22.54044354,-87.7331543,0.068076149,0.040607933,5.246641636,0.779968262,2.625297546,32,0.96,0.2,0,100,69.98853598,F,1
11.02,11,113.6248272,-22.5365347,-83.27856445,0.025755882,0.044380818,5.172037125,0.875096321,2.842430115,16,1.916666667,1.017954755,16.67,83.33,70.34167894,F,4
11.03,11,113.6274404,-22.53377552,-79.80034637,0.12334089,0.030264726,5.275891304,0.593027115,2.171813965,32,1.2,0.615587011,0,100,70.58697389,F,3
11.04,11,113.6243521,-22.52871703,-95.08069611,0.040901531,0.01528025,4.598179817,0.300922394,0.92616272,16,0.96,0.2,0,100,71.2018221,F,1
11.05,11,113.6255399,-22.52618778,-94.58769226,-0.008174167,0.016118823,4.915654182,0.312841415,1.042633057,32,0.590909091,0.50323628,0,100,71.45215246,F,0
11.06,11,113.6345674,-22.52388847,-79.92705536,-0.037329238,0.015231078,5.184216976,0.302254677,1.020889282,16,1.045454545,0.722249972,9.1,90.91,71.52116928,F,0
12.02,12,113.67504,-22.46724,-55.66296768,0.034909006,0.041013792,5.620039463,0.759232998,3.022529602,32,2.333333333,1.270977819,29.63,70.37,69.07962758,F,1
12.03,12,113.6678265,-22.46824503,-69.37794495,0.055675901,0.021029826,5.459727287,0.391554832,1.426605225,32,1,0,0,100,69.51709196,F,6
12.04,12,113.6687767,-22.46433619,-72.92613983,0.007188515,0.016045224,5.105763435,0.317002296,1.039741516,16,0.6,0.5,0,100,69.08667899,F,4
12.05,12,113.6599868,-22.4673253,-87.49789429,-0.037507452,0.03105488,5.308324337,0.598204613,2.005966187,32,0.76,0.522812905,0,100,69.80113998,F,3
12.06,12,113.6573736,-22.46548585,-95.44886017,0.029806854,0.020947855,5.228672028,0.40466404,1.435791016,32,1,0,0,100,69.74766469,F,2
12.11,12,113.64333,-22.48475,-103.7246552,-0.020185342,0.020399647,5.364605427,0.393652916,1.341522217,32,2.090909091,1.019294383,18.19,81.82,72.31659209,F,3
13.02,13,113.7058369,-22.40386419,-74.91762543,-0.01412262,0.01373863,5.400654316,0.254262924,0.977180481,32,0.423076923,0.503831474,0,100,61.36927486,F,3
13.03,13,113.7013231,-22.39903562,-85.02671814,0.025257798,0.018265439,5.97259903,0.360908508,1.191886902,64,1.5,0.511766316,0,100,61.10796485,F,1
13.04,13,113.6972845,-22.39765604,-95.99886322,-0.005126046,0.022143811,5.10059166,0.440639496,1.372009277,16,1.08,0.276887462,0,100,61.16784796,F,1
13.05,13,113.6932459,-22.40087508,-101.1906052,-0.029150268,0.032091442,5.196154594,0.617980003,2.116775513,16,0.80952381,0.402373908,0,100,61.67969182,F,2
13.06,13,113.6922957,-22.40478391,-97.57118988,-0.005850429,0.02621115,5.365592003,0.505390167,1.725479126,32,1,0,0,100,62.10821131,F,0
13.08,13,113.7039364,-22.39328734,-87.99049377,0.029608499,0.015588338,4.688868999,0.301996231,0.833602905,16,1,0,0,100,60.41780721,F,3
14.01,14,113.72408,-22.32524,-101.5208969,0.021068867,0.020560373,5.352776527,0.383592606,1.401031494,16,0.88,0.781024968,20,80,52.79448306,F,7
14.02,14,113.73251,-22.30284,-107.3547287,-0.009915528,0.019839844,4.956559658,0.389137268,1.207473755,16,1.15,1.089422831,0,100,50.20581117,NT,12
14.03,14,113.74266,-22.27651,-115.1100616,0.001973802,0.033982225,5.209298611,0.665073395,2.287109375,32,1,0.3086067,9.09,90.91,47.15671839,F,4
14.06,14,113.79046,-22.17832,-102.3585129,-0.015822669,0.007919077,4.958137512,0.150746346,0.465782166,16,0.739130435,0.448977759,0,100,35.29960224,F,2
14.11,14,113.7371667,-22.3266667,-78.90434265,0.099288292,0.031710546,5.355347633,0.586105347,2.238929749,32,0.84,0.6244998,0,100,52.27938056,F,3
14.12,14,113.746,-22.3071667,-86.97949982,-0.018942263,0.016122065,5.029551506,0.305913925,0.982681274,16,0.6,0.5,0,100,49.94191097,NT,11
14.13,14,113.7416667,-22.2866667,-104.8987808,0.106958665,0.016524374,5.383741379,0.309149742,1.185935974,32,1,0,0,100,48.17925675,F,11
15.01,15,113.7915,-22.17344,-103.163559,0.019591022,0.015060041,5.056985855,0.307084084,0.948616028,32,1,0,0,100,34.78809451,F,2
15.02,15,113.7941,-22.16882,-102.7137604,-0.009677217,0.020541271,5.146429539,0.40480423,1.311828613,32,0.909090909,0.294244943,4.55,95.45,34.21249092,F,5
15.05,15,113.78335,-22.16173,-126.6387253,0.009596645,0.031695947,4.914674282,0.623614311,1.848930359,16,1.115384615,0.325812594,7.69,92.31,34.19794188,F,1
15.07,15,113.79163,-22.13639,-119.5628433,-0.020385031,0.038606301,5.139713287,0.767246246,2.551475525,32,1.3,0.470162346,0,100,31.43352412,F,3
15.12,15,113.7899349,-22.14381158,-114.0046616,0.07007055,0.034391597,4.794364929,0.655446053,2.141868591,16,1.866666667,0.351865775,26.67,73.33,32.19456935,F,4
16.01,18,113.80074,-22.12155,-104.8821259,0.041455898,0.021420782,5.27557373,0.551402092,1.819633484,32,0.7,0.470162346,0,100,29.55671345,F,2
16.02,16,113.79192,-22.11624,-153.1077728,0.277886301,0.223578945,5.017384529,4.507890701,14.33882141,16,3.818181818,0.501081082,81.82,18.18,29.67514987,F,0
16.03,16,113.7967,-22.10669,-193.175293,NA,NA,NA,NA,NA,8,1,0,0,100,28.54944542,F,1
16.04,16,113.8081,-22.09742,-102.5539474,0.014391762,0.012246437,5.598483086,0.227238655,0.882324219,32,1,0,0,100,27.00299472,F,0
16.05,16,113.82563,-22.0856,-89.17428589,-0.026177932,0.023730468,5.118787766,0.463973999,1.5779953,32,1.846153846,0.612686392,7.69,92.31,24.83739313,F,2
17.08,17,113.8193929,-22.0943763,-94.17247009,-0.033288345,0.020452987,4.940619469,0.403149605,1.241638184,16,0.590909091,0.590326053,0,100,25.99907425,F,3
18.01,18,113.812266,-22.06954369,-101.9800034,0.040850952,0.013758322,4.720168591,0.262349129,0.770935059,16,0.583333333,0.503610155,0,100,24.42753857,F,3
18.02,18,113.8120284,-22.06517499,-104.821106,0.099453352,0.048389636,5.430283546,0.912866592,3.417449951,32,0.555555556,0.506369684,0,100,24.10089352,F,0
18.03,18,113.8082274,-22.06563485,-145.6628571,0.380372912,0.306827277,5.171969891,6.292070389,22.22459412,32,2,0.748331477,26.92,73.08,24.41631293,F,1
18.04,18,113.810603,-22.06172601,-121.5851974,0.039717138,0.052525733,5.136642456,1.037534714,3.437324524,32,2.384615385,0.852146611,65.39,34.62,23.93872506,F,2
18.07,18,113.8281828,-22.06264574,-96.54286194,-0.006084393,0.006734301,4.853443146,0.129405975,0.453910828,32,1.130434783,1.013739604,0,100,22.74115128,F,1
18.08,18,113.823194,-22.0725328,-98.39230347,-0.007007506,0.000748902,2.945036173,0.459932327,1.47833252,64,0.5,0.512989176,0,100,23.89876015,F,0
19.01,19,113.82289,-22.01347,-114.003891,0.040846556,0.040390294,5.081953049,0.805319786,2.632896423,32,1,0,0,100,19.54558869,F,0
19.02,19,113.821531,-22.00792203,-128.3304443,-0.00796726,0.050834306,4.787991524,1.016670227,2.887817383,16,1.4,0.50262469,0,100,19.31584298,F,1
19.03,19,113.8305585,-22.00286353,-103.1063995,0.049705792,0.020499513,5.144515991,0.395643234,1.388442993,16,0.909090909,0.294244943,0,100,18.22988699,F,3
19.04,19,113.8255696,-22.00056422,-113.2444611,0.02992725,0.042679865,5.184952259,0.822992325,3.052276611,32,1.086956522,0.51460872,0,100,18.52533016,F,0
19.05,19,113.8291331,-21.99757511,-104.5185165,0.263400644,0.022388587,5.299530029,0.917250633,2.724380493,32,0,0,0,100,18.03844544,F,1
19.08,19,113.8234315,-21.99412613,-136.4824982,0.043492768,0.05002103,4.666095734,0.955450058,2.902572632,16,1,0,0,100,18.34954381,F,0
23.01,23,114.0835652,-21.68647769,-104.7586823,-0.028132612,0.038471121,5.157906532,0.754817009,2.669685364,32,1.666666667,0.6172134,0,100,20.53930823,F,0
23.02,23,114.0785763,-21.68555797,-110.7126999,0.004842265,0.013330279,5.107722759,0.262168884,0.912361145,16,1,0,0,100,20.900467,F,0
23.03,23,114.0811896,-21.68233893,-114.8726807,0.002105651,0.012077476,5.749918938,0.234931946,0.852752686,32,0.666666667,0.487950036,0,100,21.05951853,F,2
23.04,23,114.0845155,-21.67980968,-115.2874756,-0.005187423,0.009171239,5.040090084,0.179907799,0.706970215,16,1,0,0,100,21.12345999,F,0
23.06,23,114.0944932,-21.67475118,-110.9532547,0.055768255,0.010904883,2.259921789,0.201170921,0.807731628,2,0.5,0.512989176,0,100,21.11914807,F,1
23.09,23,114.0747,-21.706867,-66.78916931,0.019105591,0.020993587,5.690479279,0.398785591,1.401855469,32,0.304347826,0.470471969,13.05,86.96,19.19379324,F,0
30.01,30,113.90413,-21.91122,-70.00640869,0.035695791,0.005572844,4.527596474,0.133719444,0.419555664,32,0.333333333,0.658280589,9.52,90.48,7.642817374,F,1
30.02,30,113.90722,-21.90687,-69.52465057,0.046672404,0.004959624,5.33221817,0.127583504,0.463752747,32,0,0,0,100,7.350315659,F,5
30.03,30,113.91082,-21.89999,-71.45536804,-0.054114785,0.010797005,5.737673759,0.208300591,0.977478027,32,0.052631579,0.229415734,0,100,7.09127825,F,1
30.04,30,113.91423,-21.89513,-71.05098724,-0.032109071,0.034456108,5.222135544,0.658605576,2.464157104,32,1,0.978019294,20.84,79.17,6.879387863,F,1
30.05,30,113.91801,-21.88983,-69.23272705,0.138518095,0.057201978,5.410528183,1.061263084,3.551338196,32,1.428571429,0.790151014,25,75,6.705633636,F,1
30.06,30,113.9202,-21.8876,-68.52754211,0.11783877,0.024998173,5.329040051,0.471305847,1.944572449,32,2,1.112697281,36.37,63.64,6.597471065,F,2
31.01,31,114.08985,-21.6873167,-78.7257309,0.042050187,0.059761874,5.564219952,1.087518692,4.175323486,32,1.541666667,0.931532943,16.67,83.33,20.12528587,F,4
31.02,31,114.09,-21.6919667,-72.55914307,-0.035402086,0.013865475,5.300812721,0.263014793,1.001159668,16,0.571428571,0.507092553,4.76,95.24,19.6727617,F,1
31.03,31,114.0887667,-21.69445,-68.60127258,0.003283737,0.0082339,6.033685207,0.163444519,0.494468689,32,1.260869565,0.448977759,34.79,65.22,19.5033781,F,0
31.04,31,114.0877667,-21.69635,-66.35845947,-0.013015957,0.01970892,5.111949921,0.382094383,1.265792847,16,0.730769231,0.533493566,25.93,74.07,19.37910916,F,6
31.05,31,114.0814333,-21.70045,-68.92514038,0.035374496,0.018868936,6.011394024,0.370685577,1.163238525,32,0.55,0.510417786,20,80,19.3599665,F,1
31.06,31,114.0774833,-21.7025167,-67.47689056,0.036770556,0.02535053,5.348843575,0.474596024,1.721374512,32,0.52,0.585946528,8,92,19.40864442,F,1